method,seed,rows,mask_f1,precision,recall,occluded_recall,passive_false_attribution,effect_error,target_success,unsafe_contact,brier,calibration_error,risk_upper,coverage,counterfactual_gap,intervention_consistency,causal_utility,split
action_direction_projection,0,512,0.66251,0.53976,0.92556,0.77878,0.43012,0.40209,0.50000,0.15234,0.18170,0.29864,0.23944,1.00000,0.39945,0.71373,0.41107,hard_regime_aggregate
action_direction_projection,1,512,0.64517,0.51642,0.92267,0.76284,0.46129,0.41339,0.52930,0.14453,0.18617,0.30436,0.24865,1.00000,0.39386,0.70322,0.42593,hard_regime_aggregate
action_direction_projection,2,512,0.64481,0.51885,0.92120,0.75929,0.46078,0.40888,0.51953,0.15625,0.18759,0.30563,0.24901,1.00000,0.39214,0.70205,0.41501,hard_regime_aggregate
action_direction_projection,3,512,0.65130,0.52467,0.92230,0.76150,0.44512,0.40639,0.54883,0.15039,0.18449,0.30151,0.24412,1.00000,0.39683,0.70822,0.44144,hard_regime_aggregate
action_direction_projection,4,512,0.64949,0.52049,0.92444,0.77456,0.45163,0.41206,0.50391,0.16797,0.18372,0.30234,0.24568,1.00000,0.39855,0.70824,0.40225,hard_regime_aggregate
action_direction_projection,5,512,0.64634,0.51910,0.92270,0.77016,0.46995,0.40776,0.51367,0.17188,0.18739,0.30552,0.25128,1.00000,0.39113,0.69990,0.40424,hard_regime_aggregate
action_direction_projection,6,512,0.64323,0.51348,0.92348,0.76632,0.46282,0.41922,0.52148,0.13477,0.18652,0.30720,0.24962,1.00000,0.39283,0.70255,0.42305,hard_regime_aggregate
action_direction_projection,7,512,0.63947,0.51056,0.92256,0.77885,0.47134,0.41506,0.49805,0.16016,0.18852,0.30594,0.25172,1.00000,0.39027,0.69911,0.39572,hard_regime_aggregate
action_direction_projection,8,512,0.65181,0.52632,0.92210,0.76918,0.44441,0.41257,0.49805,0.15234,0.18310,0.30067,0.24369,1.00000,0.39773,0.70880,0.40505,hard_regime_aggregate
action_direction_projection,9,512,0.64593,0.51926,0.92440,0.77494,0.45518,0.41335,0.49805,0.17969,0.18561,0.30543,0.24718,1.00000,0.39350,0.70483,0.39245,hard_regime_aggregate
calibrated_tree_flow_proxy,0,512,0.83352,0.75532,0.94675,0.92082,0.20567,0.30429,0.73242,0.09766,0.09935,0.18841,0.19015,1.00000,0.44246,0.79099,0.66288,hard_regime_aggregate
calibrated_tree_flow_proxy,1,512,0.83754,0.76094,0.94753,0.92692,0.20077,0.30064,0.71875,0.08594,0.09889,0.18788,0.18879,1.00000,0.44068,0.79134,0.65902,hard_regime_aggregate
calibrated_tree_flow_proxy,2,512,0.83003,0.75183,0.94211,0.90537,0.20649,0.31209,0.72656,0.08008,0.09991,0.18982,0.19082,1.00000,0.43842,0.78750,0.66356,hard_regime_aggregate
calibrated_tree_flow_proxy,3,512,0.83147,0.74976,0.94810,0.91565,0.20961,0.31259,0.69141,0.08398,0.09986,0.18927,0.19131,1.00000,0.43966,0.78901,0.63756,hard_regime_aggregate
calibrated_tree_flow_proxy,4,512,0.82851,0.74772,0.94678,0.92048,0.21332,0.30987,0.76367,0.08984,0.09930,0.18930,0.19214,1.00000,0.44293,0.78955,0.68534,hard_regime_aggregate
calibrated_tree_flow_proxy,5,512,0.83473,0.75878,0.94352,0.91974,0.20039,0.30056,0.71680,0.06445,0.09949,0.18813,0.18902,1.00000,0.43808,0.78903,0.66471,hard_regime_aggregate
calibrated_tree_flow_proxy,6,512,0.83319,0.75357,0.94659,0.91565,0.20523,0.30821,0.71484,0.09180,0.09903,0.18923,0.19034,1.00000,0.44169,0.79064,0.65241,hard_regime_aggregate
calibrated_tree_flow_proxy,7,512,0.82998,0.75005,0.94428,0.92248,0.20662,0.31311,0.72070,0.07031,0.10017,0.18918,0.19064,1.00000,0.43758,0.78760,0.66291,hard_regime_aggregate
calibrated_tree_flow_proxy,8,512,0.83458,0.75747,0.94445,0.91407,0.20300,0.30491,0.72266,0.08789,0.09908,0.18817,0.18957,1.00000,0.44169,0.79058,0.65997,hard_regime_aggregate
calibrated_tree_flow_proxy,9,512,0.83415,0.75788,0.94387,0.91639,0.20300,0.30796,0.68945,0.08008,0.09901,0.18904,0.18969,1.00000,0.44116,0.79015,0.63923,hard_regime_aggregate
causal_scene_flow_model_v4,0,512,0.82462,0.75081,0.93904,0.89395,0.20882,0.38897,0.68359,0.08008,0.09105,0.17605,0.15241,1.00000,0.51003,0.82343,0.63204,hard_regime_aggregate
causal_scene_flow_model_v4,1,512,0.83165,0.76232,0.93772,0.89033,0.19729,0.39177,0.70117,0.07812,0.08919,0.17165,0.14899,1.00000,0.50561,0.82332,0.64738,hard_regime_aggregate
causal_scene_flow_model_v4,2,512,0.82375,0.75037,0.93593,0.88708,0.20563,0.40715,0.73047,0.06641,0.09026,0.17395,0.15157,1.00000,0.50282,0.81957,0.66847,hard_regime_aggregate
causal_scene_flow_model_v4,3,512,0.82526,0.75006,0.93985,0.88900,0.20961,0.39739,0.73242,0.08398,0.09133,0.17601,0.15270,1.00000,0.50383,0.82024,0.66393,hard_regime_aggregate
causal_scene_flow_model_v4,4,512,0.82077,0.74604,0.93763,0.89604,0.21282,0.39471,0.69922,0.07617,0.09083,0.17558,0.15337,1.00000,0.50911,0.82170,0.64274,hard_regime_aggregate
causal_scene_flow_model_v4,5,512,0.82488,0.75359,0.93425,0.87999,0.20277,0.40244,0.70117,0.08008,0.09018,0.17209,0.15069,1.00000,0.50156,0.81910,0.64379,hard_regime_aggregate
causal_scene_flow_model_v4,6,512,0.82745,0.75225,0.94098,0.90044,0.20461,0.40588,0.70508,0.08984,0.08942,0.17366,0.15117,1.00000,0.50668,0.82311,0.64347,hard_regime_aggregate
causal_scene_flow_model_v4,7,512,0.82413,0.75239,0.93422,0.89251,0.20208,0.40545,0.69336,0.06445,0.09117,0.17408,0.15074,1.00000,0.50131,0.81912,0.64373,hard_regime_aggregate
causal_scene_flow_model_v4,8,512,0.82611,0.75140,0.94023,0.90147,0.20820,0.39763,0.72852,0.08789,0.09063,0.17509,0.15215,1.00000,0.50801,0.82282,0.66039,hard_regime_aggregate
causal_scene_flow_model_v4,9,512,0.82712,0.75500,0.93738,0.89751,0.20447,0.40765,0.70508,0.09180,0.08931,0.17316,0.15103,1.00000,0.50593,0.82182,0.64247,hard_regime_aggregate
causal_scene_flow_model_v5,0,512,0.81719,0.73036,0.95046,0.92181,0.22942,0.40377,0.72070,0.05469,0.09016,0.18227,0.18604,1.00000,0.55199,0.84366,0.66504,hard_regime_aggregate
causal_scene_flow_model_v5,1,512,0.82302,0.74056,0.94822,0.92334,0.21930,0.40608,0.73633,0.06641,0.08796,0.17811,0.18304,1.00000,0.54843,0.84346,0.67374,hard_regime_aggregate
causal_scene_flow_model_v5,2,512,0.81547,0.72887,0.94675,0.91763,0.22705,0.42391,0.72852,0.07812,0.08922,0.18043,0.18543,1.00000,0.54547,0.83985,0.66041,hard_regime_aggregate
causal_scene_flow_model_v5,3,512,0.81625,0.72710,0.95026,0.91801,0.23080,0.41408,0.71680,0.07422,0.09030,0.18257,0.18650,1.00000,0.54639,0.84041,0.65395,hard_regime_aggregate
causal_scene_flow_model_v5,4,512,0.81237,0.72452,0.94876,0.92512,0.23464,0.40989,0.66406,0.09570,0.09004,0.18185,0.18727,1.00000,0.55129,0.84172,0.60862,hard_regime_aggregate
causal_scene_flow_model_v5,5,512,0.81858,0.73404,0.94706,0.92037,0.22287,0.41640,0.72266,0.05664,0.08882,0.17847,0.18417,1.00000,0.54479,0.84043,0.66556,hard_regime_aggregate
causal_scene_flow_model_v5,6,512,0.81760,0.72955,0.95093,0.92588,0.22683,0.42197,0.71289,0.08594,0.08833,0.17996,0.18524,1.00000,0.54965,0.84314,0.64754,hard_regime_aggregate
causal_scene_flow_model_v5,7,512,0.81466,0.72842,0.94580,0.91866,0.22551,0.42107,0.66406,0.07227,0.09011,0.18079,0.18510,1.00000,0.54393,0.83914,0.61754,hard_regime_aggregate
causal_scene_flow_model_v5,8,512,0.81621,0.72854,0.94970,0.92698,0.23023,0.41282,0.69922,0.10547,0.08959,0.18141,0.18616,1.00000,0.55013,0.84232,0.63076,hard_regime_aggregate
causal_scene_flow_model_v5,9,512,0.81851,0.73372,0.94758,0.92420,0.22637,0.42422,0.72656,0.08008,0.08819,0.17944,0.18500,1.00000,0.54888,0.84199,0.65915,hard_regime_aggregate
contrastive_action_flow,0,512,0.83948,0.80697,0.89525,0.78548,0.15250,0.23515,0.75781,0.08008,0.10144,0.18070,0.14447,1.00000,0.41608,0.77558,0.69662,hard_regime_aggregate
contrastive_action_flow,1,512,0.84029,0.80901,0.89309,0.78847,0.15033,0.23245,0.76758,0.07422,0.10109,0.18044,0.14389,1.00000,0.41417,0.77450,0.70599,hard_regime_aggregate
contrastive_action_flow,2,512,0.83523,0.80560,0.88690,0.76056,0.15233,0.23169,0.72852,0.07031,0.10211,0.18251,0.14506,1.00000,0.41186,0.77125,0.67865,hard_regime_aggregate
contrastive_action_flow,3,512,0.83584,0.80091,0.89405,0.77946,0.15802,0.23622,0.73438,0.09180,0.10200,0.18181,0.14615,1.00000,0.41359,0.77275,0.67434,hard_regime_aggregate
contrastive_action_flow,4,512,0.83139,0.79367,0.89334,0.77557,0.16343,0.24183,0.72266,0.11133,0.10124,0.18184,0.14738,1.00000,0.41708,0.77320,0.65747,hard_regime_aggregate
contrastive_action_flow,5,512,0.83670,0.80757,0.88735,0.76682,0.15064,0.23006,0.73828,0.09180,0.10187,0.18089,0.14440,1.00000,0.41126,0.77143,0.67831,hard_regime_aggregate
contrastive_action_flow,6,512,0.83856,0.80447,0.89368,0.77531,0.15338,0.23647,0.72656,0.08398,0.10110,0.18197,0.14507,1.00000,0.41564,0.77475,0.67291,hard_regime_aggregate
contrastive_action_flow,7,512,0.83828,0.80422,0.89365,0.78456,0.15101,0.24132,0.72266,0.07031,0.10236,0.18175,0.14436,1.00000,0.41135,0.77303,0.67483,hard_regime_aggregate
contrastive_action_flow,8,512,0.84117,0.80876,0.89473,0.78243,0.15088,0.23555,0.72266,0.09766,0.10114,0.18058,0.14409,1.00000,0.41549,0.77549,0.66611,hard_regime_aggregate
contrastive_action_flow,9,512,0.84051,0.80919,0.89434,0.79456,0.15135,0.23648,0.73438,0.10156,0.10110,0.18161,0.14435,1.00000,0.41482,0.77494,0.67262,hard_regime_aggregate
flow_magnitude_threshold,0,512,0.47863,0.35649,0.74794,0.17410,0.75501,0.73910,0.27344,0.24414,0.23826,0.31573,0.33751,1.00000,0.22163,0.50361,0.10558,hard_regime_aggregate
flow_magnitude_threshold,1,512,0.47688,0.35495,0.74499,0.16506,0.75578,0.72648,0.28906,0.25781,0.23790,0.31624,0.33779,1.00000,0.22308,0.50343,0.11196,hard_regime_aggregate
flow_magnitude_threshold,2,512,0.47623,0.35339,0.75148,0.17386,0.76246,0.72546,0.24805,0.24609,0.23892,0.31818,0.33977,1.00000,0.22234,0.50326,0.08661,hard_regime_aggregate
flow_magnitude_threshold,3,512,0.47425,0.35242,0.74424,0.16419,0.75898,0.73131,0.27344,0.25977,0.23799,0.31608,0.33877,1.00000,0.22249,0.50222,0.09908,hard_regime_aggregate
flow_magnitude_threshold,4,512,0.47685,0.35426,0.74903,0.17477,0.75798,0.72985,0.27344,0.24414,0.23787,0.31774,0.33843,1.00000,0.22439,0.50468,0.10562,hard_regime_aggregate
flow_magnitude_threshold,5,512,0.47506,0.35349,0.74532,0.16355,0.76121,0.70983,0.28125,0.20508,0.23875,0.31731,0.33951,1.00000,0.22193,0.50172,0.12533,hard_regime_aggregate
flow_magnitude_threshold,6,512,0.47565,0.35247,0.75149,0.18391,0.76028,0.72058,0.29492,0.30273,0.23796,0.31801,0.33920,1.00000,0.22469,0.50496,0.09969,hard_regime_aggregate
flow_magnitude_threshold,7,512,0.47454,0.35283,0.74435,0.17007,0.75613,0.72356,0.27734,0.24023,0.23973,0.31711,0.33822,1.00000,0.22025,0.50171,0.10964,hard_regime_aggregate
flow_magnitude_threshold,8,512,0.47651,0.35444,0.74753,0.16831,0.76251,0.73878,0.24609,0.27539,0.23878,0.31609,0.33962,1.00000,0.22153,0.50180,0.07375,hard_regime_aggregate
flow_magnitude_threshold,9,512,0.47397,0.35262,0.74472,0.16501,0.76012,0.72089,0.26172,0.22266,0.23790,0.31739,0.33916,1.00000,0.22372,0.50274,0.10474,hard_regime_aggregate
learned_correlation_classifier,0,512,0.82354,0.74568,0.93803,0.89446,0.21627,0.29718,0.69141,0.08789,0.11004,0.20436,0.16666,1.00000,0.41423,0.77171,0.63293,hard_regime_aggregate
learned_correlation_classifier,1,512,0.82398,0.74600,0.93813,0.90128,0.21767,0.29527,0.69141,0.11719,0.10989,0.20469,0.16700,1.00000,0.41307,0.77082,0.62230,hard_regime_aggregate
learned_correlation_classifier,2,512,0.81980,0.74111,0.93533,0.88725,0.22091,0.30134,0.67969,0.11719,0.11078,0.20647,0.16837,1.00000,0.41125,0.76844,0.61239,hard_regime_aggregate
learned_correlation_classifier,3,512,0.81837,0.73776,0.93824,0.89308,0.22689,0.30110,0.71289,0.08203,0.11052,0.20535,0.16966,1.00000,0.41269,0.76862,0.64737,hard_regime_aggregate
learned_correlation_classifier,4,512,0.81657,0.73508,0.93819,0.89413,0.22873,0.30172,0.67578,0.12500,0.11002,0.20565,0.17005,1.00000,0.41511,0.76946,0.60548,hard_regime_aggregate
learned_correlation_classifier,5,512,0.82157,0.74374,0.93551,0.89879,0.21845,0.29409,0.69336,0.09570,0.11045,0.20501,0.16751,1.00000,0.41102,0.76890,0.63076,hard_regime_aggregate
learned_correlation_classifier,6,512,0.82060,0.73969,0.93760,0.89273,0.22083,0.30181,0.69336,0.11328,0.10983,0.20583,0.16823,1.00000,0.41432,0.77064,0.62373,hard_regime_aggregate
learned_correlation_classifier,7,512,0.81870,0.73734,0.93783,0.90776,0.22276,0.30448,0.69336,0.12109,0.11107,0.20582,0.16862,1.00000,0.41065,0.76837,0.61995,hard_regime_aggregate
learned_correlation_classifier,8,512,0.82609,0.74773,0.93900,0.89959,0.21490,0.29985,0.71875,0.10742,0.10973,0.20423,0.16628,1.00000,0.41398,0.77213,0.64550,hard_regime_aggregate
learned_correlation_classifier,9,512,0.82153,0.74415,0.93535,0.89939,0.21881,0.30134,0.72461,0.11719,0.10975,0.20547,0.16758,1.00000,0.41377,0.77021,0.64457,hard_regime_aggregate
noncausal_flow_transformer_proxy,0,512,0.74249,0.63740,0.91516,0.86814,0.34978,0.46614,0.58594,0.12305,0.14084,0.22841,0.20773,1.00000,0.31716,0.68591,0.49703,hard_regime_aggregate
noncausal_flow_transformer_proxy,1,512,0.74299,0.63839,0.91229,0.86909,0.35048,0.46679,0.58398,0.16797,0.14028,0.22747,0.20782,1.00000,0.31691,0.68488,0.47932,hard_regime_aggregate
noncausal_flow_transformer_proxy,2,512,0.73691,0.63193,0.91058,0.84712,0.35473,0.46997,0.57617,0.13086,0.14111,0.22947,0.20944,1.00000,0.31586,0.68296,0.48531,hard_regime_aggregate
noncausal_flow_transformer_proxy,3,512,0.74143,0.63531,0.91383,0.86375,0.35245,0.46656,0.56836,0.14844,0.14093,0.22834,0.20857,1.00000,0.31614,0.68445,0.47489,hard_regime_aggregate
noncausal_flow_transformer_proxy,4,512,0.74104,0.63570,0.91377,0.86077,0.35157,0.46006,0.58008,0.14258,0.14038,0.22920,0.20830,1.00000,0.31860,0.68591,0.48581,hard_regime_aggregate
noncausal_flow_transformer_proxy,5,512,0.74186,0.64013,0.90814,0.85137,0.34645,0.45012,0.56445,0.13867,0.14076,0.22788,0.20713,1.00000,0.31519,0.68380,0.47737,hard_regime_aggregate
noncausal_flow_transformer_proxy,6,512,0.74275,0.63761,0.91240,0.85755,0.34854,0.45547,0.55273,0.14062,0.14036,0.22918,0.20777,1.00000,0.31797,0.68589,0.46828,hard_regime_aggregate
noncausal_flow_transformer_proxy,7,512,0.74207,0.63840,0.91103,0.86822,0.34411,0.46170,0.59375,0.12500,0.14129,0.22849,0.20646,1.00000,0.31523,0.68508,0.50257,hard_regime_aggregate
noncausal_flow_transformer_proxy,8,512,0.73929,0.63432,0.91053,0.85850,0.35269,0.47116,0.58789,0.12305,0.14092,0.22810,0.20868,1.00000,0.31653,0.68375,0.49697,hard_regime_aggregate
noncausal_flow_transformer_proxy,9,512,0.74361,0.64041,0.91261,0.87535,0.34711,0.45783,0.61133,0.15625,0.14040,0.22890,0.20721,1.00000,0.31754,0.68603,0.50386,hard_regime_aggregate
oracle_causal_mask,0,512,1.00000,1.00000,1.00000,1.00000,0.00000,0.00000,0.97656,0.00586,0.00001,0.00175,0.01856,1.00000,0.99400,1.00000,0.96148,hard_regime_aggregate
oracle_causal_mask,1,512,1.00000,1.00000,1.00000,1.00000,0.00000,0.00000,0.98242,0.01172,0.00001,0.00175,0.01855,1.00000,0.99400,1.00000,0.96348,hard_regime_aggregate
oracle_causal_mask,2,512,1.00000,1.00000,1.00000,1.00000,0.00000,0.00000,0.96875,0.01367,0.00001,0.00177,0.01860,1.00000,0.99400,1.00000,0.95320,hard_regime_aggregate
oracle_causal_mask,3,512,1.00000,1.00000,1.00000,1.00000,0.00000,0.00000,0.97266,0.01172,0.00001,0.00175,0.01859,1.00000,0.99400,1.00000,0.95664,hard_regime_aggregate
oracle_causal_mask,4,512,1.00000,1.00000,1.00000,1.00000,0.00000,0.00000,0.98438,0.00586,0.00001,0.00176,0.01857,1.00000,0.99400,1.00000,0.96695,hard_regime_aggregate
oracle_causal_mask,5,512,1.00000,1.00000,1.00000,1.00000,0.00000,0.00000,0.98438,0.00586,0.00001,0.00176,0.01859,1.00000,0.99400,1.00000,0.96695,hard_regime_aggregate
oracle_causal_mask,6,512,1.00000,1.00000,1.00000,1.00000,0.00000,0.00000,0.98633,0.00781,0.00001,0.00177,0.01864,1.00000,0.99400,1.00000,0.96762,hard_regime_aggregate
oracle_causal_mask,7,512,1.00000,1.00000,1.00000,1.00000,0.00000,0.00000,0.97852,0.00977,0.00001,0.00175,0.01857,1.00000,0.99400,1.00000,0.96145,hard_regime_aggregate
oracle_causal_mask,8,512,1.00000,1.00000,1.00000,1.00000,0.00000,0.00000,0.98047,0.01367,0.00001,0.00175,0.01858,1.00000,0.99400,1.00000,0.96141,hard_regime_aggregate
oracle_causal_mask,9,512,1.00000,1.00000,1.00000,1.00000,0.00000,0.00000,0.98047,0.00586,0.00001,0.00177,0.01859,1.00000,0.99400,1.00000,0.96422,hard_regime_aggregate
rigid_scene_flow_cluster,0,512,0.62731,0.46888,0.97638,0.95336,0.69108,0.65776,0.36523,0.19531,0.16200,0.27670,0.30163,1.00000,0.41640,0.67835,0.24473,hard_regime_aggregate
rigid_scene_flow_cluster,1,512,0.62825,0.46986,0.97538,0.95877,0.69255,0.64679,0.41406,0.22852,0.16132,0.27644,0.30192,1.00000,0.41749,0.67833,0.26758,hard_regime_aggregate
rigid_scene_flow_cluster,2,512,0.62367,0.46605,0.97376,0.94330,0.69346,0.64860,0.39844,0.22070,0.16216,0.27776,0.30259,1.00000,0.41708,0.67750,0.25841,hard_regime_aggregate
rigid_scene_flow_cluster,3,512,0.62726,0.46936,0.97283,0.95087,0.68823,0.64935,0.40039,0.22656,0.16141,0.27634,0.30100,1.00000,0.41675,0.67824,0.25891,hard_regime_aggregate
rigid_scene_flow_cluster,4,512,0.62557,0.46760,0.97456,0.95255,0.69213,0.64699,0.42188,0.20508,0.16168,0.27762,0.30204,1.00000,0.41797,0.67846,0.28112,hard_regime_aggregate
rigid_scene_flow_cluster,5,512,0.62637,0.46852,0.97412,0.95392,0.69146,0.63378,0.38867,0.21289,0.16168,0.27679,0.30188,1.00000,0.41677,0.67787,0.25599,hard_regime_aggregate
rigid_scene_flow_cluster,6,512,0.62610,0.46749,0.97401,0.94778,0.68732,0.64005,0.40625,0.21484,0.16133,0.27749,0.30098,1.00000,0.41817,0.67948,0.26786,hard_regime_aggregate
rigid_scene_flow_cluster,7,512,0.62550,0.46675,0.97685,0.96016,0.69159,0.64820,0.38477,0.19922,0.16265,0.27756,0.30191,1.00000,0.41529,0.67779,0.25715,hard_regime_aggregate
rigid_scene_flow_cluster,8,512,0.62624,0.46815,0.97437,0.95335,0.69448,0.66042,0.40625,0.20508,0.16194,0.27638,0.30260,1.00000,0.41623,0.67699,0.26902,hard_regime_aggregate
rigid_scene_flow_cluster,9,512,0.62661,0.46864,0.97343,0.95789,0.68897,0.64184,0.41016,0.20898,0.16122,0.27703,0.30122,1.00000,0.41825,0.67901,0.27243,hard_regime_aggregate
scene_flow_transformer_proxy,0,512,0.79665,0.69157,0.96054,0.93360,0.28453,0.35614,0.65234,0.09961,0.11951,0.22995,0.18721,1.00000,0.43452,0.77310,0.58550,hard_regime_aggregate
scene_flow_transformer_proxy,1,512,0.79530,0.69012,0.95963,0.93378,0.28881,0.35739,0.64648,0.11328,0.11923,0.22982,0.18828,1.00000,0.43268,0.77096,0.57542,hard_regime_aggregate
scene_flow_transformer_proxy,2,512,0.78831,0.68231,0.95623,0.91771,0.29601,0.36608,0.63281,0.12891,0.12069,0.23198,0.19080,1.00000,0.43029,0.76725,0.55728,hard_regime_aggregate
scene_flow_transformer_proxy,3,512,0.78944,0.68022,0.96138,0.93336,0.30093,0.36851,0.65234,0.12695,0.12038,0.23113,0.19176,1.00000,0.43165,0.76821,0.57121,hard_regime_aggregate
scene_flow_transformer_proxy,4,512,0.79046,0.68336,0.95995,0.93153,0.29455,0.35982,0.65039,0.12109,0.11967,0.23110,0.18999,1.00000,0.43511,0.77104,0.57374,hard_regime_aggregate
scene_flow_transformer_proxy,5,512,0.79335,0.68803,0.95830,0.92838,0.29052,0.35299,0.66406,0.13867,0.12016,0.23041,0.18905,1.00000,0.43030,0.76900,0.57810,hard_regime_aggregate
scene_flow_transformer_proxy,6,512,0.79072,0.68243,0.95963,0.92999,0.29380,0.36482,0.70508,0.14062,0.11951,0.23123,0.19003,1.00000,0.43371,0.77040,0.60475,hard_regime_aggregate
scene_flow_transformer_proxy,7,512,0.79036,0.68268,0.95947,0.93599,0.29328,0.36264,0.64062,0.10938,0.12091,0.23142,0.18983,1.00000,0.42961,0.76834,0.57077,hard_regime_aggregate
scene_flow_transformer_proxy,8,512,0.79548,0.69007,0.95763,0.92968,0.28608,0.36243,0.70312,0.10742,0.11931,0.22991,0.18775,1.00000,0.43359,0.77151,0.61730,hard_regime_aggregate
scene_flow_transformer_proxy,9,512,0.79270,0.68853,0.95611,0.92983,0.28845,0.36063,0.64648,0.10547,0.11945,0.23082,0.18855,1.00000,0.43293,0.77025,0.57758,hard_regime_aggregate
temporal_difference_mask,0,512,0.47629,0.33964,0.82205,0.44516,0.83436,0.75530,0.24219,0.26758,0.25739,0.35676,0.36173,1.00000,0.23234,0.51099,0.06529,hard_regime_aggregate
temporal_difference_mask,1,512,0.47845,0.34192,0.82513,0.45735,0.83189,0.74011,0.27344,0.30469,0.25597,0.35623,0.36075,1.00000,0.23336,0.51286,0.07558,hard_regime_aggregate
temporal_difference_mask,2,512,0.47092,0.33481,0.82081,0.42982,0.83634,0.74584,0.22852,0.28125,0.25835,0.35902,0.36274,1.00000,0.23133,0.50971,0.05011,hard_regime_aggregate
temporal_difference_mask,3,512,0.47238,0.33707,0.81710,0.44074,0.83705,0.74785,0.24609,0.29492,0.25842,0.35746,0.36286,1.00000,0.22982,0.50780,0.05729,hard_regime_aggregate
temporal_difference_mask,4,512,0.47791,0.34114,0.82539,0.46026,0.83333,0.74359,0.23242,0.25391,0.25694,0.35840,0.36148,1.00000,0.23484,0.51338,0.06474,hard_regime_aggregate
temporal_difference_mask,5,512,0.47697,0.34101,0.82337,0.44934,0.83426,0.72484,0.20703,0.24609,0.25697,0.35741,0.36178,1.00000,0.23298,0.51169,0.05044,hard_regime_aggregate
temporal_difference_mask,6,512,0.47545,0.33856,0.82591,0.45307,0.82836,0.73575,0.23633,0.24805,0.25696,0.35849,0.36040,1.00000,0.23321,0.51377,0.07031,hard_regime_aggregate
temporal_difference_mask,7,512,0.47528,0.34054,0.81664,0.43678,0.82794,0.73688,0.24609,0.25781,0.25860,0.35745,0.36044,1.00000,0.22875,0.50913,0.07303,hard_regime_aggregate
temporal_difference_mask,8,512,0.47590,0.33953,0.82272,0.44828,0.83744,0.75366,0.23633,0.27539,0.25806,0.35727,0.36268,1.00000,0.23098,0.50978,0.05789,hard_regime_aggregate
temporal_difference_mask,9,512,0.47414,0.33910,0.81787,0.43229,0.83475,0.73600,0.24414,0.25391,0.25693,0.35778,0.36211,1.00000,0.23273,0.51002,0.07223,hard_regime_aggregate
world_model_flow_predictor,0,512,0.83086,0.76887,0.92862,0.86102,0.18992,0.36383,0.73828,0.06836,0.09573,0.18151,0.17413,1.00000,0.47306,0.80565,0.67718,hard_regime_aggregate
world_model_flow_predictor,1,512,0.83734,0.78085,0.92608,0.84782,0.17824,0.36472,0.73633,0.05078,0.09423,0.17779,0.17080,1.00000,0.46882,0.80536,0.68449,hard_regime_aggregate
world_model_flow_predictor,2,512,0.83094,0.77161,0.92349,0.85020,0.18448,0.37702,0.72852,0.07617,0.09516,0.17975,0.17285,1.00000,0.46619,0.80194,0.66696,hard_regime_aggregate
world_model_flow_predictor,3,512,0.83061,0.76848,0.92640,0.84284,0.18910,0.36863,0.73633,0.08203,0.09596,0.18134,0.17409,1.00000,0.46772,0.80248,0.67028,hard_regime_aggregate
world_model_flow_predictor,4,512,0.82571,0.76218,0.92609,0.85550,0.19551,0.37112,0.74219,0.06836,0.09552,0.18134,0.17553,1.00000,0.47237,0.80340,0.67772,hard_regime_aggregate
world_model_flow_predictor,5,512,0.83280,0.77430,0.92373,0.84341,0.18080,0.37333,0.72656,0.05859,0.09501,0.17806,0.17173,1.00000,0.46538,0.80239,0.67294,hard_regime_aggregate
world_model_flow_predictor,6,512,0.83267,0.77110,0.92654,0.84930,0.18413,0.37689,0.71289,0.07422,0.09427,0.17937,0.17266,1.00000,0.47008,0.80484,0.65740,hard_regime_aggregate
world_model_flow_predictor,7,512,0.82888,0.77005,0.92092,0.84722,0.18305,0.37820,0.74414,0.08984,0.09601,0.17984,0.17255,1.00000,0.46504,0.80099,0.67264,hard_regime_aggregate
world_model_flow_predictor,8,512,0.83343,0.77268,0.92872,0.86127,0.18595,0.36913,0.72461,0.08398,0.09528,0.18050,0.17307,1.00000,0.47131,0.80564,0.66256,hard_regime_aggregate
world_model_flow_predictor,9,512,0.83362,0.77403,0.92621,0.86194,0.18497,0.37993,0.72656,0.07031,0.09416,0.17897,0.17267,1.00000,0.46937,0.80419,0.66817,hard_regime_aggregate
