split,method,seed,rows,mask_f1,precision,recall,occluded_recall,passive_false_attribution,effect_error,target_success,unsafe_contact,brier,calibration_error
articulated_coupling,flow_magnitude_threshold,0,42,0.64333,0.50291,0.89918,0.00000,0.56553,0.54653,0.42857,0.14286,0.15216,0.25383
articulated_coupling,flow_magnitude_threshold,1,42,0.65928,0.52035,0.90584,0.03175,0.57135,0.56797,0.33333,0.19048,0.15118,0.24380
articulated_coupling,flow_magnitude_threshold,2,42,0.64308,0.50035,0.90463,0.00000,0.56642,0.58475,0.47619,0.19048,0.15398,0.25325
articulated_coupling,flow_magnitude_threshold,3,42,0.65176,0.51018,0.90739,0.03571,0.56670,0.54772,0.42857,0.14286,0.15186,0.24948
articulated_coupling,flow_magnitude_threshold,4,42,0.65937,0.52162,0.90194,0.01190,0.57553,0.52231,0.50000,0.21429,0.15215,0.24241
articulated_coupling,flow_magnitude_threshold,5,42,0.66556,0.52697,0.90690,0.03175,0.59413,0.56591,0.52381,0.19048,0.14919,0.24048
articulated_coupling,flow_magnitude_threshold,6,42,0.66202,0.52497,0.90112,0.02381,0.56432,0.51895,0.61905,0.38095,0.14990,0.24401
articulated_coupling,action_direction_projection,0,42,0.76934,0.65923,0.97865,0.78968,0.40103,0.32199,0.71429,0.21429,0.15108,0.29770
articulated_coupling,action_direction_projection,1,42,0.80033,0.70123,0.98182,0.81746,0.36698,0.29725,0.71429,0.19048,0.13899,0.27444
articulated_coupling,action_direction_projection,2,42,0.78781,0.68718,0.98375,0.82540,0.37954,0.29830,0.50000,0.21429,0.14215,0.28148
articulated_coupling,action_direction_projection,3,42,0.75872,0.63840,0.98387,0.83333,0.41947,0.32965,0.57143,0.19048,0.15099,0.29280
articulated_coupling,action_direction_projection,4,42,0.74783,0.62440,0.98559,0.85714,0.48308,0.35161,0.47619,0.23810,0.15222,0.28977
articulated_coupling,action_direction_projection,5,42,0.80499,0.70359,0.98431,0.84524,0.37085,0.28784,0.57143,0.09524,0.13998,0.27352
articulated_coupling,action_direction_projection,6,42,0.77482,0.66907,0.98401,0.84127,0.43852,0.30143,0.54762,0.11905,0.15133,0.28842
articulated_coupling,rigid_scene_flow_cluster,0,42,0.84653,0.73788,1.00000,1.00000,0.22534,0.31013,0.71429,0.14286,0.10264,0.22207
articulated_coupling,rigid_scene_flow_cluster,1,42,0.85182,0.74579,1.00000,1.00000,0.23256,0.31470,0.66667,0.09524,0.10153,0.21496
articulated_coupling,rigid_scene_flow_cluster,2,42,0.83861,0.72406,1.00000,1.00000,0.23984,0.32526,0.80952,0.14286,0.10382,0.22279
articulated_coupling,rigid_scene_flow_cluster,3,42,0.85262,0.74511,1.00000,1.00000,0.22331,0.29074,0.73810,0.07143,0.10266,0.21989
articulated_coupling,rigid_scene_flow_cluster,4,42,0.85591,0.75021,1.00000,1.00000,0.23203,0.29714,0.76190,0.16667,0.10192,0.21394
articulated_coupling,rigid_scene_flow_cluster,5,42,0.86551,0.76544,1.00000,1.00000,0.22330,0.28983,0.59524,0.04762,0.09844,0.20993
articulated_coupling,rigid_scene_flow_cluster,6,42,0.85491,0.74949,1.00000,1.00000,0.23044,0.29452,0.90476,0.09524,0.09991,0.21397
articulated_coupling,temporal_difference_mask,0,42,0.65026,0.50646,0.92801,0.29762,0.59301,0.53814,0.35714,0.19048,0.16511,0.28990
articulated_coupling,temporal_difference_mask,1,42,0.64264,0.49925,0.92337,0.21032,0.62139,0.59945,0.40476,0.16667,0.17122,0.28627
articulated_coupling,temporal_difference_mask,2,42,0.63844,0.49492,0.92712,0.22619,0.61326,0.59292,0.42857,0.23810,0.17146,0.29590
articulated_coupling,temporal_difference_mask,3,42,0.64557,0.49876,0.93163,0.28571,0.61144,0.56990,0.35714,0.19048,0.16825,0.28884
articulated_coupling,temporal_difference_mask,4,42,0.65294,0.50871,0.92803,0.28571,0.60469,0.54252,0.30952,0.35714,0.16898,0.28329
articulated_coupling,temporal_difference_mask,5,42,0.65198,0.50671,0.92979,0.26587,0.64640,0.59245,0.40476,0.23810,0.16717,0.28136
articulated_coupling,temporal_difference_mask,6,42,0.65401,0.51290,0.91586,0.17063,0.59198,0.54168,0.40476,0.21429,0.16448,0.28038
articulated_coupling,noncausal_flow_transformer_proxy,0,42,0.89235,0.81360,0.99664,0.96429,0.15222,0.24269,0.76190,0.02381,0.11186,0.20087
articulated_coupling,noncausal_flow_transformer_proxy,1,42,0.87881,0.79084,0.99619,0.96032,0.18332,0.27101,0.76190,0.16667,0.11410,0.19715
articulated_coupling,noncausal_flow_transformer_proxy,2,42,0.86766,0.77369,0.99487,0.94444,0.18973,0.27659,0.69048,0.14286,0.11654,0.20877
articulated_coupling,noncausal_flow_transformer_proxy,3,42,0.87886,0.79027,0.99764,0.97619,0.17799,0.25262,0.66667,0.04762,0.11075,0.19903
articulated_coupling,noncausal_flow_transformer_proxy,4,42,0.87863,0.79264,0.99287,0.93254,0.18381,0.25446,0.57143,0.09524,0.11456,0.19607
articulated_coupling,noncausal_flow_transformer_proxy,5,42,0.88974,0.80440,1.00000,1.00000,0.18029,0.24858,0.76190,0.07143,0.11103,0.19229
articulated_coupling,noncausal_flow_transformer_proxy,6,42,0.87829,0.79147,0.99383,0.93651,0.18443,0.25481,0.73810,0.11905,0.11217,0.19646
articulated_coupling,learned_correlation_classifier,0,42,0.93365,0.88414,0.99868,0.98810,0.09444,0.17664,0.76190,0.04762,0.09134,0.18904
articulated_coupling,learned_correlation_classifier,1,42,0.91719,0.85334,1.00000,1.00000,0.13148,0.20400,0.71429,0.09524,0.09190,0.18429
articulated_coupling,learned_correlation_classifier,2,42,0.90970,0.84151,1.00000,1.00000,0.12991,0.20608,0.78571,0.09524,0.09372,0.19304
articulated_coupling,learned_correlation_classifier,3,42,0.89911,0.82530,1.00000,1.00000,0.14982,0.21246,0.78571,0.11905,0.09308,0.18878
articulated_coupling,learned_correlation_classifier,4,42,0.91058,0.84292,0.99896,0.98810,0.14163,0.20407,0.69048,0.07143,0.09426,0.18482
articulated_coupling,learned_correlation_classifier,5,42,0.91801,0.85402,1.00000,1.00000,0.13363,0.19582,0.66667,0.09524,0.08972,0.17887
articulated_coupling,learned_correlation_classifier,6,42,0.91723,0.85511,0.99881,0.98810,0.12803,0.19151,0.80952,0.09524,0.09294,0.18565
articulated_coupling,causal_scene_flow_model,0,42,0.90425,0.84310,0.99413,0.94048,0.14303,0.29064,0.76190,0.09524,0.06644,0.15132
articulated_coupling,causal_scene_flow_model,1,42,0.85741,0.76154,0.99701,0.96429,0.23602,0.31820,0.64286,0.09524,0.07361,0.16380
articulated_coupling,causal_scene_flow_model,2,42,0.85791,0.76485,0.99868,0.98810,0.21968,0.30734,0.59524,0.04762,0.07557,0.17345
articulated_coupling,causal_scene_flow_model,3,42,0.86380,0.77618,0.99806,0.97619,0.21276,0.33668,0.80952,0.16667,0.06974,0.15773
articulated_coupling,causal_scene_flow_model,4,42,0.86064,0.76719,0.99813,0.98016,0.23461,0.32984,0.73810,0.09524,0.07506,0.16183
articulated_coupling,causal_scene_flow_model,5,42,0.88450,0.80344,1.00000,1.00000,0.19958,0.28663,0.80952,0.09524,0.06843,0.15422
articulated_coupling,causal_scene_flow_model,6,42,0.88377,0.80526,0.99566,0.96032,0.18466,0.28796,0.76190,0.09524,0.07089,0.15570
articulated_coupling,oracle_causal_mask,0,42,1.00000,1.00000,1.00000,1.00000,0.00000,0.00000,0.97619,0.00000,0.00003,0.00268
articulated_coupling,oracle_causal_mask,1,42,1.00000,1.00000,1.00000,1.00000,0.00000,0.00000,0.97619,0.00000,0.00003,0.00251
articulated_coupling,oracle_causal_mask,2,42,1.00000,1.00000,1.00000,1.00000,0.00000,0.00000,0.97619,0.02381,0.00003,0.00268
articulated_coupling,oracle_causal_mask,3,42,1.00000,1.00000,1.00000,1.00000,0.00000,0.00000,0.97619,0.02381,0.00003,0.00261
articulated_coupling,oracle_causal_mask,4,42,1.00000,1.00000,1.00000,1.00000,0.00000,0.00000,0.92857,0.02381,0.00003,0.00250
articulated_coupling,oracle_causal_mask,5,42,1.00000,1.00000,1.00000,1.00000,0.00000,0.00000,1.00000,0.02381,0.00003,0.00247
articulated_coupling,oracle_causal_mask,6,42,1.00000,1.00000,1.00000,1.00000,0.00000,0.00000,0.97619,0.00000,0.00003,0.00257
clean_contact,flow_magnitude_threshold,0,42,0.97865,1.00000,0.95826,0.04762,0.00000,0.02811,0.92857,0.04762,0.09106,0.19969
clean_contact,flow_magnitude_threshold,1,42,0.97809,0.99821,0.95888,0.04762,0.00170,0.03122,0.88095,0.04762,0.09125,0.19900
clean_contact,flow_magnitude_threshold,2,42,0.97709,1.00000,0.95529,0.02381,0.00000,0.02925,0.83333,0.00000,0.09215,0.20013
clean_contact,flow_magnitude_threshold,3,42,0.97755,0.99915,0.95694,0.02381,0.00072,0.03187,0.88095,0.04762,0.09365,0.19270
clean_contact,flow_magnitude_threshold,4,42,0.97664,0.99673,0.95743,0.00000,0.00183,0.03226,0.85714,0.02381,0.09214,0.19451
clean_contact,flow_magnitude_threshold,5,42,0.97863,1.00000,0.95818,0.00000,0.00000,0.02894,0.83333,0.07143,0.09051,0.19363
clean_contact,flow_magnitude_threshold,6,42,0.97883,0.99905,0.95949,0.04762,0.00064,0.02958,0.90476,0.00000,0.09091,0.19784
clean_contact,action_direction_projection,0,42,0.89892,0.84027,0.99301,0.85714,0.16866,0.17183,0.64286,0.02381,0.12361,0.28096
clean_contact,action_direction_projection,1,42,0.89458,0.82458,0.99632,0.90476,0.18182,0.17938,0.80952,0.04762,0.12587,0.28302
clean_contact,action_direction_projection,2,42,0.89829,0.83256,0.99694,0.92857,0.17268,0.17761,0.80952,0.00000,0.12516,0.28298
clean_contact,action_direction_projection,3,42,0.85565,0.77672,0.99361,0.85714,0.25802,0.21220,0.64286,0.11905,0.13341,0.28844
clean_contact,action_direction_projection,4,42,0.86039,0.78371,0.99207,0.80952,0.24715,0.20597,0.66667,0.16667,0.13268,0.28892
clean_contact,action_direction_projection,5,42,0.89250,0.82833,0.99552,0.90476,0.18452,0.17503,0.71429,0.07143,0.12621,0.28111
clean_contact,action_direction_projection,6,42,0.85908,0.77556,0.99541,0.90476,0.25779,0.21352,0.71429,0.14286,0.13220,0.29015
clean_contact,rigid_scene_flow_cluster,0,42,0.95649,0.91773,1.00000,1.00000,0.06051,0.12066,0.80952,0.02381,0.07208,0.18390
clean_contact,rigid_scene_flow_cluster,1,42,0.95821,0.92121,1.00000,1.00000,0.05904,0.11192,0.80952,0.04762,0.07224,0.18346
clean_contact,rigid_scene_flow_cluster,2,42,0.95637,0.91784,1.00000,1.00000,0.05826,0.11735,0.85714,0.04762,0.07299,0.18578
clean_contact,rigid_scene_flow_cluster,3,42,0.95762,0.92008,1.00000,1.00000,0.05928,0.11146,0.73810,0.02381,0.07227,0.17904
clean_contact,rigid_scene_flow_cluster,4,42,0.96103,0.92617,1.00000,1.00000,0.05701,0.10437,0.88095,0.02381,0.07138,0.17919
clean_contact,rigid_scene_flow_cluster,5,42,0.96693,0.93704,1.00000,1.00000,0.04819,0.09759,0.88095,0.11905,0.07098,0.17876
clean_contact,rigid_scene_flow_cluster,6,42,0.95197,0.90998,1.00000,1.00000,0.06801,0.11641,0.90476,0.11905,0.07240,0.18291
clean_contact,temporal_difference_mask,0,42,0.97744,0.98598,0.96994,0.30952,0.01030,0.04949,0.83333,0.02381,0.10467,0.23869
clean_contact,temporal_difference_mask,1,42,0.96975,0.96994,0.97093,0.30952,0.02387,0.06464,0.90476,0.02381,0.10713,0.23920
clean_contact,temporal_difference_mask,2,42,0.97323,0.97473,0.97288,0.38095,0.01731,0.06254,0.88095,0.00000,0.10626,0.23951
clean_contact,temporal_difference_mask,3,42,0.97388,0.98484,0.96379,0.16667,0.01146,0.04383,0.90476,0.02381,0.10655,0.23087
clean_contact,temporal_difference_mask,4,42,0.97334,0.98198,0.96607,0.19048,0.01464,0.04991,0.92857,0.02381,0.10504,0.23204
clean_contact,temporal_difference_mask,5,42,0.97504,0.98214,0.96852,0.23810,0.01364,0.04773,0.88095,0.02381,0.10541,0.23355
clean_contact,temporal_difference_mask,6,42,0.97021,0.97494,0.96791,0.23810,0.02145,0.05641,0.83333,0.04762,0.10650,0.23763
clean_contact,noncausal_flow_transformer_proxy,0,42,0.95102,0.91124,0.99685,0.92857,0.06832,0.12507,0.85714,0.02381,0.09504,0.18091
clean_contact,noncausal_flow_transformer_proxy,1,42,0.94028,0.89271,0.99507,0.88095,0.08162,0.13354,0.85714,0.04762,0.09755,0.18273
clean_contact,noncausal_flow_transformer_proxy,2,42,0.93536,0.88346,0.99614,0.90476,0.08693,0.14520,0.83333,0.16667,0.09539,0.18400
clean_contact,noncausal_flow_transformer_proxy,3,42,0.94899,0.90701,0.99671,0.92857,0.07098,0.12230,0.90476,0.04762,0.09626,0.17192
clean_contact,noncausal_flow_transformer_proxy,4,42,0.95325,0.91799,0.99373,0.85714,0.06426,0.10859,0.92857,0.04762,0.09345,0.17563
clean_contact,noncausal_flow_transformer_proxy,5,42,0.95789,0.92072,1.00000,1.00000,0.06289,0.11327,0.92857,0.04762,0.09532,0.17616
clean_contact,noncausal_flow_transformer_proxy,6,42,0.93355,0.88270,0.99443,0.88095,0.09232,0.13760,0.85714,0.02381,0.09645,0.18063
clean_contact,learned_correlation_classifier,0,42,0.94973,0.90883,0.99918,0.97619,0.07323,0.12556,0.78571,0.09524,0.08426,0.18453
clean_contact,learned_correlation_classifier,1,42,0.92882,0.87252,0.99887,0.97619,0.10395,0.15167,0.83333,0.02381,0.08593,0.18557
clean_contact,learned_correlation_classifier,2,42,0.93338,0.87975,0.99915,0.97619,0.09342,0.14755,0.85714,0.14286,0.08569,0.18744
clean_contact,learned_correlation_classifier,3,42,0.96157,0.92837,1.00000,1.00000,0.05664,0.10335,0.78571,0.02381,0.08572,0.17736
clean_contact,learned_correlation_classifier,4,42,0.95150,0.91165,1.00000,1.00000,0.07185,0.11483,0.95238,0.02381,0.08454,0.17995
clean_contact,learned_correlation_classifier,5,42,0.94883,0.90684,0.99901,0.97619,0.08117,0.12229,0.85714,0.14286,0.08496,0.18018
clean_contact,learned_correlation_classifier,6,42,0.92589,0.86831,1.00000,1.00000,0.11278,0.15110,0.83333,0.07143,0.08679,0.18566
clean_contact,causal_scene_flow_model,0,42,0.88939,0.81244,0.99918,0.97619,0.17976,0.21788,0.80952,0.11905,0.06523,0.15982
clean_contact,causal_scene_flow_model,1,42,0.86832,0.77894,0.99614,0.90476,0.20940,0.24352,0.69048,0.02381,0.06899,0.16381
clean_contact,causal_scene_flow_model,2,42,0.86671,0.77313,0.99915,0.97619,0.20612,0.25811,0.64286,0.04762,0.06796,0.16434
clean_contact,causal_scene_flow_model,3,42,0.90951,0.84426,0.99783,0.95238,0.14279,0.21275,0.66667,0.02381,0.06298,0.13976
clean_contact,causal_scene_flow_model,4,42,0.90049,0.83138,0.99788,0.95238,0.15520,0.21691,0.78571,0.07143,0.06238,0.15039
clean_contact,causal_scene_flow_model,5,42,0.88148,0.79541,1.00000,1.00000,0.20404,0.23834,0.64286,0.07143,0.06685,0.15859
clean_contact,causal_scene_flow_model,6,42,0.88044,0.79916,0.99563,0.90476,0.18908,0.22983,0.80952,0.02381,0.06951,0.16305
clean_contact,oracle_causal_mask,0,42,1.00000,1.00000,1.00000,1.00000,0.00000,0.00000,0.92857,0.00000,0.00003,0.00257
clean_contact,oracle_causal_mask,1,42,1.00000,1.00000,1.00000,1.00000,0.00000,0.00000,0.97619,0.02381,0.00003,0.00254
clean_contact,oracle_causal_mask,2,42,1.00000,1.00000,1.00000,1.00000,0.00000,0.00000,1.00000,0.00000,0.00003,0.00261
clean_contact,oracle_causal_mask,3,42,1.00000,1.00000,1.00000,1.00000,0.00000,0.00000,0.97619,0.00000,0.00003,0.00253
clean_contact,oracle_causal_mask,4,42,1.00000,1.00000,1.00000,1.00000,0.00000,0.00000,0.97619,0.00000,0.00003,0.00250
clean_contact,oracle_causal_mask,5,42,1.00000,1.00000,1.00000,1.00000,0.00000,0.00000,0.92857,0.00000,0.00003,0.00246
clean_contact,oracle_causal_mask,6,42,1.00000,1.00000,1.00000,1.00000,0.00000,0.00000,0.97619,0.00000,0.00003,0.00250
combined_hard_shift,flow_magnitude_threshold,0,42,0.39362,0.27712,0.69229,0.08741,0.96988,0.87282,0.14286,0.30952,0.35043,0.38069
combined_hard_shift,flow_magnitude_threshold,1,42,0.39575,0.27612,0.70312,0.10964,0.96235,0.71214,0.16667,0.33333,0.34262,0.38664
combined_hard_shift,flow_magnitude_threshold,2,42,0.40518,0.28802,0.68999,0.07657,0.96348,0.81566,0.07143,0.35714,0.34788,0.36953
combined_hard_shift,flow_magnitude_threshold,3,42,0.39235,0.27541,0.69026,0.07679,0.96714,0.81148,0.09524,0.23810,0.35028,0.38025
combined_hard_shift,flow_magnitude_threshold,4,42,0.40726,0.28921,0.69835,0.11408,0.96866,0.72952,0.16667,0.40476,0.34455,0.37117
combined_hard_shift,flow_magnitude_threshold,5,42,0.40547,0.28849,0.69121,0.08322,0.96176,0.78499,0.07143,0.21429,0.34403,0.36969
combined_hard_shift,flow_magnitude_threshold,6,42,0.39476,0.27741,0.69388,0.08312,0.97555,0.88140,0.07143,0.35714,0.34992,0.38079
combined_hard_shift,action_direction_projection,0,42,0.64837,0.52934,0.91038,0.73338,0.44850,0.48495,0.42857,0.23810,0.19223,0.27244
combined_hard_shift,action_direction_projection,1,42,0.58526,0.45748,0.92240,0.76697,0.61435,0.47186,0.30952,0.26190,0.24344,0.33821
combined_hard_shift,action_direction_projection,2,42,0.64407,0.51051,0.93771,0.81336,0.52873,0.49397,0.47619,0.23810,0.21125,0.29219
combined_hard_shift,action_direction_projection,3,42,0.62100,0.48238,0.93061,0.79226,0.53913,0.46110,0.33333,0.26190,0.22003,0.30377
combined_hard_shift,action_direction_projection,4,42,0.60024,0.45696,0.92250,0.77532,0.57162,0.49249,0.28571,0.23810,0.23118,0.31803
combined_hard_shift,action_direction_projection,5,42,0.63156,0.49666,0.92642,0.78136,0.51668,0.45221,0.40476,0.14286,0.21753,0.29645
combined_hard_shift,action_direction_projection,6,42,0.65817,0.53115,0.92351,0.77320,0.44838,0.50100,0.30952,0.11905,0.18577,0.27104
combined_hard_shift,rigid_scene_flow_cluster,0,42,0.51866,0.35198,0.99915,0.99762,0.99605,0.85571,0.16667,0.35714,0.24211,0.33917
combined_hard_shift,rigid_scene_flow_cluster,1,42,0.51507,0.34759,1.00000,1.00000,0.99155,0.70350,0.14286,0.33333,0.23519,0.33973
combined_hard_shift,rigid_scene_flow_cluster,2,42,0.53505,0.36621,1.00000,1.00000,0.98990,0.79709,0.11905,0.30952,0.23833,0.33002
combined_hard_shift,rigid_scene_flow_cluster,3,42,0.51873,0.35129,1.00000,1.00000,0.99263,0.79063,0.14286,0.30952,0.23903,0.33657
combined_hard_shift,rigid_scene_flow_cluster,4,42,0.53380,0.36558,1.00000,1.00000,0.99443,0.71925,0.23810,0.28571,0.23566,0.32966
combined_hard_shift,rigid_scene_flow_cluster,5,42,0.53339,0.36515,1.00000,1.00000,0.99361,0.77160,0.14286,0.42857,0.23487,0.32857
combined_hard_shift,rigid_scene_flow_cluster,6,42,0.52279,0.35544,1.00000,1.00000,0.98929,0.85949,0.09524,0.40476,0.23929,0.33724
combined_hard_shift,temporal_difference_mask,0,42,0.44316,0.29891,0.87640,0.63256,0.93643,0.87466,0.14286,0.28571,0.35768,0.42034
combined_hard_shift,temporal_difference_mask,1,42,0.41540,0.27729,0.84381,0.53234,0.95016,0.74845,0.07143,0.30952,0.35319,0.42117
combined_hard_shift,temporal_difference_mask,2,42,0.44525,0.30326,0.85269,0.57678,0.94303,0.81739,0.07143,0.23810,0.35739,0.40584
combined_hard_shift,temporal_difference_mask,3,42,0.42725,0.28661,0.85706,0.58124,0.94755,0.81346,0.07143,0.38095,0.35745,0.41712
combined_hard_shift,temporal_difference_mask,4,42,0.43893,0.29895,0.84350,0.53955,0.95324,0.73516,0.04762,0.42857,0.35385,0.40635
combined_hard_shift,temporal_difference_mask,5,42,0.43287,0.29450,0.84174,0.53147,0.97031,0.80463,0.14286,0.42857,0.35955,0.41020
combined_hard_shift,temporal_difference_mask,6,42,0.42793,0.28846,0.85593,0.56930,0.98132,0.87936,0.26190,0.33333,0.36622,0.42543
combined_hard_shift,noncausal_flow_transformer_proxy,0,42,0.54675,0.38142,0.98202,0.94626,0.87019,0.81563,0.33333,0.21429,0.19890,0.27889
combined_hard_shift,noncausal_flow_transformer_proxy,1,42,0.55041,0.38351,0.98559,0.95659,0.84851,0.67389,0.23810,0.16667,0.19394,0.28043
combined_hard_shift,noncausal_flow_transformer_proxy,2,42,0.58096,0.41304,0.99003,0.96995,0.81543,0.73793,0.26190,0.23810,0.19306,0.26572
combined_hard_shift,noncausal_flow_transformer_proxy,3,42,0.55812,0.39166,0.98725,0.96278,0.83442,0.74021,0.21429,0.14286,0.19430,0.27519
combined_hard_shift,noncausal_flow_transformer_proxy,4,42,0.57231,0.40596,0.98711,0.96264,0.83953,0.68458,0.23810,0.26190,0.19402,0.26698
combined_hard_shift,noncausal_flow_transformer_proxy,5,42,0.55175,0.38618,0.98183,0.94613,0.89954,0.74550,0.16667,0.45238,0.19903,0.27325
combined_hard_shift,noncausal_flow_transformer_proxy,6,42,0.55319,0.38643,0.98720,0.96225,0.86397,0.81618,0.23810,0.21429,0.19653,0.27771
combined_hard_shift,learned_correlation_classifier,0,42,0.78674,0.67336,0.99238,0.97719,0.31781,0.41397,0.52381,0.16667,0.12796,0.21175
combined_hard_shift,learned_correlation_classifier,1,42,0.75579,0.63921,0.99277,0.97789,0.39051,0.38409,0.45238,0.16667,0.13758,0.23029
combined_hard_shift,learned_correlation_classifier,2,42,0.77760,0.65449,0.99766,0.99263,0.35509,0.41669,0.59524,0.14286,0.13001,0.20689
combined_hard_shift,learned_correlation_classifier,3,42,0.76320,0.63916,0.99487,0.98496,0.36981,0.38797,0.57143,0.19048,0.13324,0.21692
combined_hard_shift,learned_correlation_classifier,4,42,0.76618,0.63807,0.99751,0.99286,0.36807,0.40149,0.47619,0.16667,0.13539,0.21399
combined_hard_shift,learned_correlation_classifier,5,42,0.76062,0.63593,0.99479,0.98460,0.38488,0.39514,0.50000,0.07143,0.13487,0.21409
combined_hard_shift,learned_correlation_classifier,6,42,0.79598,0.68327,0.99490,0.98463,0.31338,0.43189,0.71429,0.11905,0.12500,0.20908
combined_hard_shift,causal_scene_flow_model,0,42,0.76587,0.64952,0.97785,0.93713,0.33703,0.57715,0.50000,0.09524,0.11644,0.20581
combined_hard_shift,causal_scene_flow_model,1,42,0.76348,0.66618,0.96258,0.89928,0.34203,0.63209,0.50000,0.19048,0.11459,0.19048
combined_hard_shift,causal_scene_flow_model,2,42,0.78040,0.66996,0.98257,0.95186,0.33042,0.62902,0.69048,0.09524,0.11055,0.18922
combined_hard_shift,causal_scene_flow_model,3,42,0.76835,0.65379,0.98090,0.94601,0.32674,0.61042,0.61905,0.11905,0.11603,0.19917
combined_hard_shift,causal_scene_flow_model,4,42,0.76517,0.65238,0.96493,0.90149,0.33713,0.72454,0.66667,0.16667,0.11197,0.17851
combined_hard_shift,causal_scene_flow_model,5,42,0.74976,0.62718,0.97218,0.93268,0.36977,0.66058,0.42857,0.09524,0.11992,0.19709
combined_hard_shift,causal_scene_flow_model,6,42,0.73303,0.59864,0.98409,0.96000,0.40318,0.63275,0.54762,0.09524,0.12411,0.21251
combined_hard_shift,oracle_causal_mask,0,42,1.00000,1.00000,1.00000,1.00000,0.00000,0.00000,0.92857,0.00000,0.00003,0.00259
combined_hard_shift,oracle_causal_mask,1,42,1.00000,1.00000,1.00000,1.00000,0.00000,0.00000,0.95238,0.02381,0.00003,0.00274
combined_hard_shift,oracle_causal_mask,2,42,1.00000,1.00000,1.00000,1.00000,0.00000,0.00000,0.83333,0.00000,0.00003,0.00250
combined_hard_shift,oracle_causal_mask,3,42,1.00000,1.00000,1.00000,1.00000,0.00000,0.00000,0.95238,0.02381,0.00003,0.00263
combined_hard_shift,oracle_causal_mask,4,42,1.00000,1.00000,1.00000,1.00000,0.00000,0.00000,0.95238,0.04762,0.00003,0.00253
combined_hard_shift,oracle_causal_mask,5,42,1.00000,1.00000,1.00000,1.00000,0.00000,0.00000,0.90476,0.00000,0.00003,0.00256
combined_hard_shift,oracle_causal_mask,6,42,1.00000,1.00000,1.00000,1.00000,0.00000,0.00000,1.00000,0.02381,0.00003,0.00262
occluded_interaction,flow_magnitude_threshold,0,42,0.43773,0.36050,0.56200,0.05676,0.67865,0.70997,0.19048,0.19048,0.20676,0.23262
occluded_interaction,flow_magnitude_threshold,1,42,0.44376,0.36996,0.56226,0.05368,0.66096,0.68633,0.28571,0.16667,0.20346,0.22898
occluded_interaction,flow_magnitude_threshold,2,42,0.44722,0.36976,0.57165,0.06821,0.65043,0.70517,0.30952,0.23810,0.20276,0.23260
occluded_interaction,flow_magnitude_threshold,3,42,0.43874,0.36038,0.56722,0.06267,0.65572,0.69104,0.14286,0.26190,0.20406,0.23641
occluded_interaction,flow_magnitude_threshold,4,42,0.44052,0.36454,0.56204,0.05447,0.65311,0.76340,0.23810,0.28571,0.20268,0.23242
occluded_interaction,flow_magnitude_threshold,5,42,0.44073,0.36294,0.56615,0.05497,0.66869,0.66401,0.16667,0.26190,0.20217,0.23525
occluded_interaction,flow_magnitude_threshold,6,42,0.44454,0.36517,0.57070,0.06705,0.67189,0.69890,0.23810,0.40476,0.20694,0.22801
occluded_interaction,action_direction_projection,0,42,0.72928,0.63009,0.92693,0.84165,0.42278,0.49326,0.66667,0.14286,0.16657,0.25718
occluded_interaction,action_direction_projection,1,42,0.70201,0.59235,0.91998,0.82696,0.50127,0.50314,0.47619,0.28571,0.17357,0.26438
occluded_interaction,action_direction_projection,2,42,0.73060,0.63806,0.91734,0.82020,0.40529,0.47697,0.73810,0.23810,0.16689,0.25858
occluded_interaction,action_direction_projection,3,42,0.69263,0.57507,0.92560,0.84012,0.48692,0.50822,0.54762,0.21429,0.17699,0.27365
occluded_interaction,action_direction_projection,4,42,0.76244,0.67758,0.91643,0.81969,0.32720,0.47045,0.52381,0.11905,0.15595,0.24892
occluded_interaction,action_direction_projection,5,42,0.70461,0.59011,0.92952,0.84626,0.47131,0.49412,0.47619,0.19048,0.17691,0.27428
occluded_interaction,action_direction_projection,6,42,0.71187,0.60371,0.91813,0.82240,0.46644,0.49123,0.64286,0.11905,0.17565,0.26347
occluded_interaction,rigid_scene_flow_cluster,0,42,0.77261,0.63117,1.00000,1.00000,0.39605,0.59166,0.61905,0.09524,0.12488,0.21066
occluded_interaction,rigid_scene_flow_cluster,1,42,0.78847,0.65531,0.99915,0.99817,0.35967,0.56668,0.42857,0.21429,0.12232,0.20754
occluded_interaction,rigid_scene_flow_cluster,2,42,0.77589,0.63611,1.00000,1.00000,0.38236,0.58934,0.59524,0.09524,0.12428,0.21200
occluded_interaction,rigid_scene_flow_cluster,3,42,0.76691,0.62526,1.00000,1.00000,0.39101,0.58136,0.57143,0.21429,0.12447,0.21458
occluded_interaction,rigid_scene_flow_cluster,4,42,0.77583,0.63694,1.00000,1.00000,0.37961,0.60049,0.59524,0.19048,0.12350,0.21137
occluded_interaction,rigid_scene_flow_cluster,5,42,0.77588,0.63721,1.00000,1.00000,0.38512,0.56566,0.54762,0.14286,0.12271,0.21219
occluded_interaction,rigid_scene_flow_cluster,6,42,0.78962,0.65542,1.00000,1.00000,0.35774,0.56404,0.69048,0.16667,0.12515,0.20814
occluded_interaction,temporal_difference_mask,0,42,0.48360,0.37727,0.68545,0.32100,0.76011,0.71001,0.23810,0.40476,0.21127,0.27275
occluded_interaction,temporal_difference_mask,1,42,0.48127,0.37828,0.67424,0.29638,0.75389,0.69273,0.26190,0.33333,0.20915,0.26919
occluded_interaction,temporal_difference_mask,2,42,0.48956,0.38662,0.68023,0.30444,0.71319,0.71128,0.30952,0.28571,0.20577,0.27113
occluded_interaction,temporal_difference_mask,3,42,0.47634,0.37187,0.67586,0.29885,0.73203,0.69679,0.33333,0.30952,0.21179,0.27675
occluded_interaction,temporal_difference_mask,4,42,0.48258,0.37822,0.67961,0.30864,0.74463,0.76246,0.07143,0.23810,0.20951,0.27359
occluded_interaction,temporal_difference_mask,5,42,0.47860,0.37508,0.67711,0.29682,0.75660,0.67581,0.23810,0.23810,0.20761,0.27348
occluded_interaction,temporal_difference_mask,6,42,0.49231,0.39144,0.67716,0.29792,0.71549,0.69487,0.26190,0.23810,0.20827,0.26507
occluded_interaction,noncausal_flow_transformer_proxy,0,42,0.84729,0.75816,0.96928,0.93309,0.21661,0.49624,0.64286,0.04762,0.13167,0.19077
occluded_interaction,noncausal_flow_transformer_proxy,1,42,0.86001,0.77528,0.97377,0.94389,0.19931,0.47614,0.61905,0.07143,0.13059,0.19050
occluded_interaction,noncausal_flow_transformer_proxy,2,42,0.85064,0.75884,0.97587,0.94811,0.21212,0.49883,0.66667,0.14286,0.12943,0.19116
occluded_interaction,noncausal_flow_transformer_proxy,3,42,0.83370,0.73698,0.96911,0.93316,0.23229,0.49650,0.76190,0.11905,0.13249,0.19574
occluded_interaction,noncausal_flow_transformer_proxy,4,42,0.83893,0.74760,0.96557,0.92562,0.22227,0.50738,0.64286,0.14286,0.13126,0.19366
occluded_interaction,noncausal_flow_transformer_proxy,5,42,0.84761,0.76055,0.96748,0.92914,0.21356,0.48361,0.71429,0.11905,0.12751,0.19018
occluded_interaction,noncausal_flow_transformer_proxy,6,42,0.84561,0.76088,0.96193,0.91713,0.21059,0.48043,0.59524,0.07143,0.13129,0.18266
occluded_interaction,learned_correlation_classifier,0,42,0.90829,0.84159,0.99660,0.99255,0.14026,0.44545,0.66667,0.04762,0.10515,0.16979
occluded_interaction,learned_correlation_classifier,1,42,0.91052,0.84766,0.99246,0.98383,0.12557,0.43111,0.80952,0.04762,0.10599,0.17197
occluded_interaction,learned_correlation_classifier,2,42,0.91559,0.85413,0.99625,0.99188,0.12410,0.43352,0.76190,0.04762,0.10426,0.17159
occluded_interaction,learned_correlation_classifier,3,42,0.90038,0.83018,0.99583,0.99109,0.14470,0.43926,0.73810,0.09524,0.10780,0.17763
occluded_interaction,learned_correlation_classifier,4,42,0.91241,0.85242,0.99225,0.98341,0.12865,0.43746,0.66667,0.09524,0.10287,0.17055
occluded_interaction,learned_correlation_classifier,5,42,0.90522,0.84192,0.98894,0.97609,0.13935,0.42331,0.88095,0.11905,0.10483,0.17388
occluded_interaction,learned_correlation_classifier,6,42,0.89600,0.82689,0.98813,0.97440,0.14973,0.43787,0.71429,0.11905,0.10702,0.16614
occluded_interaction,causal_scene_flow_model,0,42,0.87226,0.79836,0.97946,0.95583,0.19318,0.52270,0.76190,0.02381,0.07992,0.15046
occluded_interaction,causal_scene_flow_model,1,42,0.87300,0.80010,0.98105,0.95925,0.18630,0.50713,0.66667,0.07143,0.07958,0.15555
occluded_interaction,causal_scene_flow_model,2,42,0.88446,0.81913,0.97727,0.95142,0.15793,0.49463,0.71429,0.07143,0.07516,0.14793
occluded_interaction,causal_scene_flow_model,3,42,0.85078,0.77845,0.96817,0.93084,0.21047,0.52620,0.76190,0.14286,0.08325,0.15299
occluded_interaction,causal_scene_flow_model,4,42,0.87356,0.80691,0.97453,0.94615,0.18236,0.49136,0.71429,0.07143,0.07724,0.15278
occluded_interaction,causal_scene_flow_model,5,42,0.87310,0.80721,0.97280,0.94112,0.18561,0.53033,0.61905,0.02381,0.07605,0.14374
occluded_interaction,causal_scene_flow_model,6,42,0.86751,0.80446,0.96455,0.92333,0.18057,0.53114,0.66667,0.09524,0.07855,0.13519
occluded_interaction,oracle_causal_mask,0,42,1.00000,1.00000,1.00000,1.00000,0.00000,0.00000,0.95238,0.00000,0.00003,0.00251
occluded_interaction,oracle_causal_mask,1,42,1.00000,1.00000,1.00000,1.00000,0.00000,0.00000,0.97619,0.00000,0.00003,0.00251
occluded_interaction,oracle_causal_mask,2,42,1.00000,1.00000,1.00000,1.00000,0.00000,0.00000,0.92857,0.00000,0.00003,0.00254
occluded_interaction,oracle_causal_mask,3,42,1.00000,1.00000,1.00000,1.00000,0.00000,0.00000,0.95238,0.00000,0.00003,0.00259
occluded_interaction,oracle_causal_mask,4,42,1.00000,1.00000,1.00000,1.00000,0.00000,0.00000,0.95238,0.04762,0.00003,0.00259
occluded_interaction,oracle_causal_mask,5,42,1.00000,1.00000,1.00000,1.00000,0.00000,0.00000,0.90476,0.00000,0.00003,0.00257
occluded_interaction,oracle_causal_mask,6,42,1.00000,1.00000,1.00000,1.00000,0.00000,0.00000,0.90476,0.02381,0.00003,0.00246
passive_conveyor,flow_magnitude_threshold,0,42,0.63506,0.48602,0.92198,0.05952,0.65203,0.77237,0.33333,0.19048,0.23462,0.31690
passive_conveyor,flow_magnitude_threshold,1,42,0.62892,0.47875,0.92269,0.05952,0.65514,0.71786,0.42857,0.19048,0.23516,0.32004
passive_conveyor,flow_magnitude_threshold,2,42,0.64986,0.50270,0.92327,0.03571,0.64573,0.63914,0.45238,0.19048,0.22860,0.31026
passive_conveyor,flow_magnitude_threshold,3,42,0.64166,0.49424,0.91997,0.03571,0.65375,0.78307,0.38095,0.16667,0.23345,0.30903
passive_conveyor,flow_magnitude_threshold,4,42,0.63955,0.49308,0.91671,0.01190,0.63752,0.68961,0.38095,0.23810,0.23075,0.31309
passive_conveyor,flow_magnitude_threshold,5,42,0.62737,0.47787,0.91884,0.05952,0.63620,0.74065,0.40476,0.19048,0.23273,0.32106
passive_conveyor,flow_magnitude_threshold,6,42,0.64691,0.49966,0.92125,0.07143,0.62630,0.69956,0.35714,0.23810,0.22862,0.30969
passive_conveyor,action_direction_projection,0,42,0.77377,0.65869,0.98799,0.85714,0.40319,0.37462,0.57143,0.14286,0.14959,0.28287
passive_conveyor,action_direction_projection,1,42,0.75654,0.64116,0.98743,0.85714,0.44716,0.34136,0.52381,0.16667,0.16925,0.30044
passive_conveyor,action_direction_projection,2,42,0.75144,0.63029,0.98950,0.85714,0.48540,0.33300,0.57143,0.11905,0.18095,0.31249
passive_conveyor,action_direction_projection,3,42,0.79929,0.70126,0.98390,0.80952,0.35769,0.31398,0.54762,0.14286,0.14968,0.27529
passive_conveyor,action_direction_projection,4,42,0.74559,0.61738,0.99284,0.90476,0.49031,0.37361,0.52381,0.26190,0.16984,0.30475
passive_conveyor,action_direction_projection,5,42,0.77008,0.65668,0.98914,0.88095,0.41598,0.35687,0.54762,0.14286,0.16065,0.30347
passive_conveyor,action_direction_projection,6,42,0.75098,0.62348,0.98712,0.84524,0.46122,0.39508,0.40476,0.19048,0.16748,0.30247
passive_conveyor,rigid_scene_flow_cluster,0,42,0.61674,0.44752,1.00000,1.00000,0.82557,0.75736,0.28571,0.16667,0.15501,0.26994
passive_conveyor,rigid_scene_flow_cluster,1,42,0.61691,0.44743,1.00000,1.00000,0.80572,0.70496,0.35714,0.19048,0.15489,0.27152
passive_conveyor,rigid_scene_flow_cluster,2,42,0.63700,0.46889,1.00000,1.00000,0.80023,0.63063,0.45238,0.19048,0.15123,0.26372
passive_conveyor,rigid_scene_flow_cluster,3,42,0.63225,0.46404,1.00000,1.00000,0.80254,0.76211,0.45238,0.35714,0.15318,0.26406
passive_conveyor,rigid_scene_flow_cluster,4,42,0.62211,0.45333,1.00000,1.00000,0.81473,0.66881,0.35714,0.28571,0.15360,0.26808
passive_conveyor,rigid_scene_flow_cluster,5,42,0.61429,0.44481,1.00000,1.00000,0.79165,0.72157,0.11905,0.23810,0.15455,0.27362
passive_conveyor,rigid_scene_flow_cluster,6,42,0.63089,0.46200,1.00000,1.00000,0.79076,0.68416,0.40476,0.26190,0.15204,0.26553
passive_conveyor,temporal_difference_mask,0,42,0.59234,0.43343,0.95406,0.44048,0.80342,0.76950,0.14286,0.19048,0.25700,0.36213
passive_conveyor,temporal_difference_mask,1,42,0.59193,0.43262,0.95283,0.44048,0.75894,0.73296,0.40476,0.30952,0.25903,0.36337
passive_conveyor,temporal_difference_mask,2,42,0.59148,0.43593,0.94527,0.32143,0.77945,0.65886,0.33333,0.33333,0.25841,0.35715
passive_conveyor,temporal_difference_mask,3,42,0.60289,0.44957,0.92959,0.38095,0.73412,0.79047,0.40476,0.19048,0.25623,0.34959
passive_conveyor,temporal_difference_mask,4,42,0.58936,0.43473,0.94007,0.32143,0.77838,0.69315,0.26190,0.23810,0.25982,0.35969
passive_conveyor,temporal_difference_mask,5,42,0.59861,0.44162,0.94314,0.35714,0.73174,0.73363,0.38095,0.28571,0.25289,0.36179
passive_conveyor,temporal_difference_mask,6,42,0.59679,0.44257,0.93343,0.33333,0.74015,0.70608,0.33333,0.30952,0.25249,0.35250
passive_conveyor,noncausal_flow_transformer_proxy,0,42,0.75253,0.61088,0.99619,0.95238,0.44521,0.52913,0.52381,0.26190,0.13379,0.22763
passive_conveyor,noncausal_flow_transformer_proxy,1,42,0.77604,0.64069,0.99113,0.88095,0.37427,0.46355,0.66667,0.26190,0.13092,0.22576
passive_conveyor,noncausal_flow_transformer_proxy,2,42,0.76642,0.63210,0.98880,0.85714,0.43048,0.45562,0.71429,0.21429,0.13451,0.21908
passive_conveyor,noncausal_flow_transformer_proxy,3,42,0.77736,0.64335,0.99291,0.91667,0.40410,0.52591,0.45238,0.16667,0.13258,0.21994
passive_conveyor,noncausal_flow_transformer_proxy,4,42,0.74682,0.60373,0.99482,0.94048,0.46589,0.49033,0.59524,0.23810,0.13504,0.22672
passive_conveyor,noncausal_flow_transformer_proxy,5,42,0.75985,0.61908,0.99562,0.95238,0.41306,0.50582,0.52381,0.16667,0.13398,0.23253
passive_conveyor,noncausal_flow_transformer_proxy,6,42,0.76685,0.63164,0.99318,0.91667,0.41552,0.47719,0.52381,0.11905,0.13440,0.22417
passive_conveyor,learned_correlation_classifier,0,42,0.90008,0.82634,0.99908,0.98810,0.14950,0.22361,0.64286,0.11905,0.09266,0.19152
passive_conveyor,learned_correlation_classifier,1,42,0.88617,0.81026,1.00000,1.00000,0.18780,0.20628,0.59524,0.07143,0.09771,0.19817
passive_conveyor,learned_correlation_classifier,2,42,0.88318,0.80065,1.00000,1.00000,0.19763,0.20866,0.64286,0.09524,0.10116,0.19590
passive_conveyor,learned_correlation_classifier,3,42,0.90595,0.83938,0.99800,0.97619,0.15181,0.21449,0.73810,0.02381,0.09317,0.18702
passive_conveyor,learned_correlation_classifier,4,42,0.87464,0.79057,0.99915,0.98810,0.20085,0.21960,0.73810,0.07143,0.09924,0.19821
passive_conveyor,learned_correlation_classifier,5,42,0.89952,0.82809,1.00000,1.00000,0.15414,0.21250,0.76190,0.09524,0.09478,0.19801
passive_conveyor,learned_correlation_classifier,6,42,0.90349,0.83480,0.99896,0.98810,0.14959,0.20769,0.61905,0.07143,0.09757,0.19525
passive_conveyor,causal_scene_flow_model,0,42,0.85132,0.75478,0.99685,0.96429,0.23432,0.37403,0.73810,0.04762,0.07548,0.16734
passive_conveyor,causal_scene_flow_model,1,42,0.87964,0.80152,0.99339,0.90476,0.18992,0.34528,0.76190,0.04762,0.07285,0.16179
passive_conveyor,causal_scene_flow_model,2,42,0.88271,0.80333,0.99502,0.94048,0.19432,0.37682,0.71429,0.07143,0.07595,0.15006
passive_conveyor,causal_scene_flow_model,3,42,0.88894,0.81319,0.99675,0.96429,0.18124,0.32385,0.73810,0.07143,0.07082,0.15682
passive_conveyor,causal_scene_flow_model,4,42,0.84063,0.73767,0.99556,0.95238,0.26459,0.39024,0.42857,0.02381,0.07886,0.16783
passive_conveyor,causal_scene_flow_model,5,42,0.87336,0.79257,0.99710,0.96429,0.19195,0.36402,0.66667,0.02381,0.07229,0.15993
passive_conveyor,causal_scene_flow_model,6,42,0.87766,0.79874,0.99489,0.92857,0.18958,0.34124,0.69048,0.02381,0.07644,0.16215
passive_conveyor,oracle_causal_mask,0,42,1.00000,1.00000,1.00000,1.00000,0.00000,0.00000,0.90476,0.02381,0.00003,0.00257
passive_conveyor,oracle_causal_mask,1,42,1.00000,1.00000,1.00000,1.00000,0.00000,0.00000,0.97619,0.00000,0.00003,0.00262
passive_conveyor,oracle_causal_mask,2,42,1.00000,1.00000,1.00000,1.00000,0.00000,0.00000,0.95238,0.00000,0.00003,0.00248
passive_conveyor,oracle_causal_mask,3,42,1.00000,1.00000,1.00000,1.00000,0.00000,0.00000,0.92857,0.02381,0.00003,0.00251
passive_conveyor,oracle_causal_mask,4,42,1.00000,1.00000,1.00000,1.00000,0.00000,0.00000,0.97619,0.02381,0.00003,0.00258
passive_conveyor,oracle_causal_mask,5,42,1.00000,1.00000,1.00000,1.00000,0.00000,0.00000,0.97619,0.02381,0.00003,0.00270
passive_conveyor,oracle_causal_mask,6,42,1.00000,1.00000,1.00000,1.00000,0.00000,0.00000,0.97619,0.04762,0.00003,0.00255
